mse,mae,rmse,r2
5.956715740740741,1.8741666666666668,2.4406383879511404,0.7874527899464037
